171 1346 1000772 5615 5615	132 107 171 1346 596 1007279 1000772 596 132 1100 5615 132 1100 5615	267 171 1000652 6950 6950
171 1346 1000772 5615 5615	132 107 171 1346 596 1007279 1000772 596 132 1100 5615 132 1100 5615	267 171 1000652 6950 6950
171 1346 1000772 5615 5615	132 107 171 1346 596 1007279 1000772 596 132 1100 5615 132 1100 5615	267 171 1000652 6950 6950
171 1346 1000772 5615 5615	132 107 171 1346 596 1007279 1000772 596 132 1100 5615 132 1100 5615	267 171 1000652 6950 6950
171 1346 1000772 5615 5615	132 107 171 1346 596 1007279 1000772 596 132 1100 5615 132 1100 5615	267 171 1000652 6950 6950
171 1346 1000772 5615 5615	132 107 171 1346 596 1007279 1000772 596 132 1100 5615 132 1100 5615	267 171 1000652 6950 6950
171 1346 1000772 5615 5615	132 107 171 1346 596 1007279 1000772 596 132 1100 5615 132 1100 5615	267 171 1000652 6950 6950
171 1346 1000772 5615 5615	132 107 171 1346 596 1007279 1000772 596 132 1100 5615 132 1100 5615	267 171 1000652 6950 6950
171 1346 1000772 5615 5615	132 107 171 1346 596 1007279 1000772 596 132 1100 5615 132 1100 5615	267 171 1000652 6950 6950
171 1346 1000772 5615 5615	132 107 171 1346 596 1007279 1000772 596 132 1100 5615 132 1100 5615	267 171 1000652 6950 6950
171 1346 1000772 5615 5615	132 107 171 1346 596 1007279 1000772 596 132 1100 5615 132 1100 5615	267 171 1000652 6950 6950
171 1346 1000772 5615 5615	132 107 171 1346 596 1007279 1000772 596 132 1100 5615 132 1100 5615	267 171 1000652 6950 6950
171 1346 1000772 5615 5615	132 107 171 1346 596 1007279 1000772 596 132 1100 5615 132 1100 5615	267 171 1000652 6950 6950
171 1346 1000772 5615 5615	132 107 171 1346 596 1007279 1000772 596 132 1100 5615 132 1100 5615	267 171 1000652 6950 6950
171 1346 1000772 5615 5615	132 107 171 1346 596 1007279 1000772 596 132 1100 5615 132 1100 5615	267 171 1000652 6950 6950
171 1346 1000772 5615 5615	132 107 171 1346 596 1007279 1000772 596 132 1100 5615 132 1100 5615	267 171 1000652 6950 6950
171 1346 1000772 5615 5615	132 107 171 1346 596 1007279 1000772 596 132 1100 5615 132 1100 5615	267 171 1000652 6950 6950
171 1346 1000772 5615 5615	132 107 171 1346 596 1007279 1000772 596 132 1100 5615 132 1100 5615	267 171 1000652 6950 6950
171 1346 1000772 5615 5615	132 107 171 1346 596 1007279 1000772 596 132 1100 5615 132 1100 5615	267 171 1000652 6950 6950
171 1346 1000772 5615 5615	132 107 171 1346 596 1007279 1000772 596 132 1100 5615 132 1100 5615	267 171 1000652 6950 6950
171 1346 1000772 5615 5615	132 107 171 1346 596 1007279 1000772 596 132 1100 5615 132 1100 5615	267 171 1000652 6950 6950
171 1346 1000772 5615 5615	132 107 171 1346 596 1007279 1000772 596 132 1100 5615 132 1100 5615	267 171 1000652 6950 6950
171 1346 1000772 5615 5615	132 107 171 1346 596 1007279 1000772 596 132 1100 5615 132 1100 5615	267 171 1000652 6950 6950
171 1346 1000772 5615 5615	132 107 171 1346 596 1007279 1000772 596 132 1100 5615 132 1100 5615	267 171 1000652 6950 6950
171 1346 1000772 5615 5615	132 107 171 1346 596 1007279 1000772 596 132 1100 5615 132 1100 5615	267 171 1000652 6950 6950
171 1346 1000772 5615 5615	132 107 171 1346 596 1007279 1000772 596 132 1100 5615 132 1100 5615	267 171 1000652 6950 6950
171 1346 1000772 5615 5615	132 107 171 1346 596 1007279 1000772 596 132 1100 5615 132 1100 5615	267 171 1000652 6950 6950
171 1346 1000772 5615 5615	132 107 171 1346 596 1007279 1000772 596 132 1100 5615 132 1100 5615	267 171 1000652 6950 6950
171 1346 1000772 5615 5615	132 107 171 1346 596 1007279 1000772 596 132 1100 5615 132 1100 5615	267 171 1000652 6950 6950
171 1346 1000772 5615 5615	132 107 171 1346 596 1007279 1000772 596 132 1100 5615 132 1100 5615	267 171 1000652 6950 6950
171 1346 1000772 5615 5615	132 107 171 1346 596 1007279 1000772 596 132 1100 5615 132 1100 5615	267 171 1000652 6950 6950
171 1346 1000772 5615 5615	132 107 171 1346 596 1007279 1000772 596 132 1100 5615 132 1100 5615	267 171 1000652 6950 6950
171 1346 1000772 5615 5615	132 107 171 1346 596 1007279 1000772 596 132 1100 5615 132 1100 5615	267 171 1000652 6950 6950
171 1346 1000772 5615 5615	132 107 171 1346 596 1007279 1000772 596 132 1100 5615 132 1100 5615	267 171 1000652 6950 6950
171 1346 1000772 5615 5615	132 107 171 1346 596 1007279 1000772 596 132 1100 5615 132 1100 5615	267 171 1000652 6950 6950
171 1346 1000772 5615 5615	132 107 171 1346 596 1007279 1000772 596 132 1100 5615 132 1100 5615	267 171 1000652 6950 6950
171 1346 1000772 5615 5615	132 107 171 1346 596 1007279 1000772 596 132 1100 5615 132 1100 5615	267 171 1000652 6950 6950
171 1346 1000772 5615 5615	132 107 171 1346 596 1007279 1000772 596 132 1100 5615 132 1100 5615	267 171 1000652 6950 6950
171 1346 1000772 5615 5615	132 107 171 1346 596 1007279 1000772 596 132 1100 5615 132 1100 5615	267 171 1000652 6950 6950
171 1346 1000772 5615 5615	132 107 171 1346 596 1007279 1000772 596 132 1100 5615 132 1100 5615	267 171 1000652 6950 6950
171 1346 1000772 5615 5615	132 107 171 1346 596 1007279 1000772 596 132 1100 5615 132 1100 5615	267 171 1000652 6950 6950
171 1346 1000772 5615 5615	132 107 171 1346 596 1007279 1000772 596 132 1100 5615 132 1100 5615	267 171 1000652 6950 6950
171 1346 1000772 5615 5615	132 107 171 1346 596 1007279 1000772 596 132 1100 5615 132 1100 5615	267 171 1000652 6950 6950
171 1346 1000772 5615 5615	132 107 171 1346 596 1007279 1000772 596 132 1100 5615 132 1100 5615	267 171 1000652 6950 6950
171 1346 1000772 5615 5615	132 107 171 1346 596 1007279 1000772 596 132 1100 5615 132 1100 5615	267 171 1000652 6950 6950
171 1346 1000772 5615 5615	132 107 171 1346 596 1007279 1000772 596 132 1100 5615 132 1100 5615	267 171 1000652 6950 6950
171 1346 1000772 5615 5615	132 107 171 1346 596 1007279 1000772 596 132 1100 5615 132 1100 5615	267 171 1000652 6950 6950
171 1346 1000772 5615 5615	132 107 171 1346 596 1007279 1000772 596 132 1100 5615 132 1100 5615	267 171 1000652 6950 6950
171 1346 1000772 5615 5615	132 107 171 1346 596 1007279 1000772 596 132 1100 5615 132 1100 5615	267 171 1000652 6950 6950
171 1346 1000772 5615 5615	132 107 171 1346 596 1007279 1000772 596 132 1100 5615 132 1100 5615	267 171 1000652 6950 6950
171 1346 1000772 5615 5615	132 107 171 1346 596 1007279 1000772 596 132 1100 5615 132 1100 5615	267 171 1000652 6950 6950
171 1346 1000772 5615 5615	132 107 171 1346 596 1007279 1000772 596 132 1100 5615 132 1100 5615	267 171 1000652 6950 6950
171 1346 1000772 5615 5615	132 107 171 1346 596 1007279 1000772 596 132 1100 5615 132 1100 5615	267 171 1000652 6950 6950
171 1346 1000772 5615 5615	132 107 171 1346 596 1007279 1000772 596 132 1100 5615 132 1100 5615	267 171 1000652 6950 6950
171 1346 1000772 5615 5615	132 107 171 1346 596 1007279 1000772 596 132 1100 5615 132 1100 5615	267 171 1000652 6950 6950
171 1346 1000772 5615 5615	132 107 171 1346 596 1007279 1000772 596 132 1100 5615 132 1100 5615	267 171 1000652 6950 6950
171 1346 1000772 5615 5615	132 107 171 1346 596 1007279 1000772 596 132 1100 5615 132 1100 5615	267 171 1000652 6950 6950
171 1346 1000772 5615 5615	132 107 171 1346 596 1007279 1000772 596 132 1100 5615 132 1100 5615	267 171 1000652 6950 6950
171 1346 1000772 5615 5615	132 107 171 1346 596 1007279 1000772 596 132 1100 5615 132 1100 5615	267 171 1000652 6950 6950
171 1346 1000772 5615 5615	132 107 171 1346 596 1007279 1000772 596 132 1100 5615 132 1100 5615	267 171 1000652 6950 6950
171 1346 1000772 5615 5615	132 107 171 1346 596 1007279 1000772 596 132 1100 5615 132 1100 5615	267 171 1000652 6950 6950
171 1346 1000772 5615 5615	132 107 171 1346 596 1007279 1000772 596 132 1100 5615 132 1100 5615	267 171 1000652 6950 6950
171 1346 1000772 5615 5615	132 107 171 1346 596 1007279 1000772 596 132 1100 5615 132 1100 5615	267 171 1000652 6950 6950
171 1346 1000772 5615 5615	132 107 171 1346 596 1007279 1000772 596 132 1100 5615 132 1100 5615	267 171 1000652 6950 6950
171 1346 1000772 5615 5615	132 107 171 1346 596 1007279 1000772 596 132 1100 5615 132 1100 5615	267 171 1000652 6950 6950
171 1346 1000772 5615 5615	132 107 171 1346 596 1007279 1000772 596 132 1100 5615 132 1100 5615	267 171 1000652 6950 6950
171 1346 1000772 5615 5615	132 107 171 1346 596 1007279 1000772 596 132 1100 5615 132 1100 5615	267 171 1000652 6950 6950
171 1346 1000772 5615 5615	132 107 171 1346 596 1007279 1000772 596 132 1100 5615 132 1100 5615	267 171 1000652 6950 6950
171 1346 1000772 5615 5615	132 107 171 1346 596 1007279 1000772 596 132 1100 5615 132 1100 5615	267 171 1000652 6950 6950
171 1346 1000772 5615 5615	132 107 171 1346 596 1007279 1000772 596 132 1100 5615 132 1100 5615	267 171 1000652 6950 6950
171 1346 1000772 5615 5615	132 107 171 1346 596 1007279 1000772 596 132 1100 5615 132 1100 5615	267 171 1000652 6950 6950
171 1346 1000772 5615 5615	132 107 171 1346 596 1007279 1000772 596 132 1100 5615 132 1100 5615	267 171 1000652 6950 6950
171 1346 1000772 5615 5615	132 107 171 1346 596 1007279 1000772 596 132 1100 5615 132 1100 5615	267 171 1000652 6950 6950
171 1346 1000772 5615 5615	132 107 171 1346 596 1007279 1000772 596 132 1100 5615 132 1100 5615	267 171 1000652 6950 6950
171 1346 1000772 5615 5615	132 107 171 1346 596 1007279 1000772 596 132 1100 5615 132 1100 5615	267 171 1000652 6950 6950
171 1346 1000772 5615 5615	132 107 171 1346 596 1007279 1000772 596 132 1100 5615 132 1100 5615	267 171 1000652 6950 6950
171 1346 1000772 5615 5615	132 107 171 1346 596 1007279 1000772 596 132 1100 5615 132 1100 5615	267 171 1000652 6950 6950
171 1346 1000772 5615 5615	132 107 171 1346 596 1007279 1000772 596 132 1100 5615 132 1100 5615	267 171 1000652 6950 6950
171 1346 1000772 5615 5615	132 107 171 1346 596 1007279 1000772 596 132 1100 5615 132 1100 5615	267 171 1000652 6950 6950
171 1346 1000772 5615 5615	132 107 171 1346 596 1007279 1000772 596 132 1100 5615 132 1100 5615	267 171 1000652 6950 6950
171 1346 1000772 5615 5615	132 107 171 1346 596 1007279 1000772 596 132 1100 5615 132 1100 5615	267 171 1000652 6950 6950
171 1346 1000772 5615 5615	132 107 171 1346 596 1007279 1000772 596 132 1100 5615 132 1100 5615	267 171 1000652 6950 6950
171 1346 1000772 5615 5615	132 107 171 1346 596 1007279 1000772 596 132 1100 5615 132 1100 5615	267 171 1000652 6950 6950
171 1346 1000772 5615 5615	132 107 171 1346 596 1007279 1000772 596 132 1100 5615 132 1100 5615	267 171 1000652 6950 6950
171 1346 1000772 5615 5615	132 107 171 1346 596 1007279 1000772 596 132 1100 5615 132 1100 5615	267 171 1000652 6950 6950
171 1346 1000772 5615 5615	132 107 171 1346 596 1007279 1000772 596 132 1100 5615 132 1100 5615	267 171 1000652 6950 6950
171 1346 1000772 5615 5615	132 107 171 1346 596 1007279 1000772 596 132 1100 5615 132 1100 5615	267 171 1000652 6950 6950
171 1346 1000772 5615 5615	132 107 171 1346 596 1007279 1000772 596 132 1100 5615 132 1100 5615	267 171 1000652 6950 6950
171 1346 1000772 5615 5615	132 107 171 1346 596 1007279 1000772 596 132 1100 5615 132 1100 5615	267 171 1000652 6950 6950
171 1346 1000772 5615 5615	132 107 171 1346 596 1007279 1000772 596 132 1100 5615 132 1100 5615	267 171 1000652 6950 6950
171 1346 1000772 5615 5615	132 107 171 1346 596 1007279 1000772 596 132 1100 5615 132 1100 5615	267 171 1000652 6950 6950
171 1346 1000772 5615 5615	132 107 171 1346 596 1007279 1000772 596 132 1100 5615 132 1100 5615	267 171 1000652 6950 6950
171 1346 1000772 5615 5615	132 107 171 1346 596 1007279 1000772 596 132 1100 5615 132 1100 5615	267 171 1000652 6950 6950
171 1346 1000772 5615 5615	132 107 171 1346 596 1007279 1000772 596 132 1100 5615 132 1100 5615	267 171 1000652 6950 6950
171 1346 1000772 5615 5615	132 107 171 1346 596 1007279 1000772 596 132 1100 5615 132 1100 5615	267 171 1000652 6950 6950
171 1346 1000772 5615 5615	132 107 171 1346 596 1007279 1000772 596 132 1100 5615 132 1100 5615	267 171 1000652 6950 6950
171 1346 1000772 5615 5615	132 107 171 1346 596 1007279 1000772 596 132 1100 5615 132 1100 5615	267 171 1000652 6950 6950
171 1346 1000772 5615 5615	132 107 171 1346 596 1007279 1000772 596 132 1100 5615 132 1100 5615	267 171 1000652 6950 6950
171 1346 1000772 5615 5615	132 107 171 1346 596 1007279 1000772 596 132 1100 5615 132 1100 5615	267 171 1000652 6950 6950
171 1346 1000772 5615 5615	132 107 171 1346 596 1007279 1000772 596 132 1100 5615 132 1100 5615	267 171 1000652 6950 6950
171 1346 1000772 5615 5615	132 107 171 1346 596 1007279 1000772 596 132 1100 5615 132 1100 5615	267 171 1000652 6950 6950
171 1346 1000772 5615 5615	132 107 171 1346 596 1007279 1000772 596 132 1100 5615 132 1100 5615	267 171 1000652 6950 6950
171 1346 1000772 5615 5615	132 107 171 1346 596 1007279 1000772 596 132 1100 5615 132 1100 5615	267 171 1000652 6950 6950
171 1346 1000772 5615 5615	132 107 171 1346 596 1007279 1000772 596 132 1100 5615 132 1100 5615	267 171 1000652 6950 6950
171 1346 1000772 5615 5615	132 107 171 1346 596 1007279 1000772 596 132 1100 5615 132 1100 5615	267 171 1000652 6950 6950
171 1346 1000772 5615 5615	132 107 171 1346 596 1007279 1000772 596 132 1100 5615 132 1100 5615	267 171 1000652 6950 6950
171 1346 1000772 5615 5615	132 107 171 1346 596 1007279 1000772 596 132 1100 5615 132 1100 5615	267 171 1000652 6950 6950
171 1346 1000772 5615 5615	132 107 171 1346 596 1007279 1000772 596 132 1100 5615 132 1100 5615	267 171 1000652 6950 6950
171 1346 1000772 5615 5615	132 107 171 1346 596 1007279 1000772 596 132 1100 5615 132 1100 5615	267 171 1000652 6950 6950
171 1346 1000772 5615 5615	132 107 171 1346 596 1007279 1000772 596 132 1100 5615 132 1100 5615	267 171 1000652 6950 6950
171 1346 1000772 5615 5615	132 107 171 1346 596 1007279 1000772 596 132 1100 5615 132 1100 5615	267 171 1000652 6950 6950
171 1346 1000772 5615 5615	132 107 171 1346 596 1007279 1000772 596 132 1100 5615 132 1100 5615	267 171 1000652 6950 6950
171 1346 1000772 5615 5615	132 107 171 1346 596 1007279 1000772 596 132 1100 5615 132 1100 5615	267 171 1000652 6950 6950
171 1346 1000772 5615 5615	132 107 171 1346 596 1007279 1000772 596 132 1100 5615 132 1100 5615	267 171 1000652 6950 6950
171 1346 1000772 5615 5615	132 107 171 1346 596 1007279 1000772 596 132 1100 5615 132 1100 5615	267 171 1000652 6950 6950
171 1346 1000772 5615 5615	132 107 171 1346 596 1007279 1000772 596 132 1100 5615 132 1100 5615	267 171 1000652 6950 6950
171 1346 1000772 5615 5615	132 107 171 1346 596 1007279 1000772 596 132 1100 5615 132 1100 5615	267 171 1000652 6950 6950
171 1346 1000772 5615 5615	132 107 171 1346 596 1007279 1000772 596 132 1100 5615 132 1100 5615	267 171 1000652 6950 6950
171 1346 1000772 5615 5615	132 107 171 1346 596 1007279 1000772 596 132 1100 5615 132 1100 5615	267 171 1000652 6950 6950
171 1346 1000772 5615 5615	132 107 171 1346 596 1007279 1000772 596 132 1100 5615 132 1100 5615	267 171 1000652 6950 6950
171 1346 1000772 5615 5615	132 107 171 1346 596 1007279 1000772 596 132 1100 5615 132 1100 5615	267 171 1000652 6950 6950
171 1346 1000772 5615 5615	132 107 171 1346 596 1007279 1000772 596 132 1100 5615 132 1100 5615	267 171 1000652 6950 6950
171 1346 1000772 5615 5615	132 107 171 1346 596 1007279 1000772 596 132 1100 5615 132 1100 5615	267 171 1000652 6950 6950
171 1346 1000772 5615 5615	132 107 171 1346 596 1007279 1000772 596 132 1100 5615 132 1100 5615	267 171 1000652 6950 6950
171 1346 1000772 5615 5615	132 107 171 1346 596 1007279 1000772 596 132 1100 5615 132 1100 5615	267 171 1000652 6950 6950
171 1346 1000772 5615 5615	132 107 171 1346 596 1007279 1000772 596 132 1100 5615 132 1100 5615	267 171 1000652 6950 6950
171 1346 1000772 5615 5615	132 107 171 1346 596 1007279 1000772 596 132 1100 5615 132 1100 5615	267 171 1000652 6950 6950
171 1346 1000772 5615 5615	132 107 171 1346 596 1007279 1000772 596 132 1100 5615 132 1100 5615	267 171 1000652 6950 6950
171 1346 1000772 5615 5615	132 107 171 1346 596 1007279 1000772 596 132 1100 5615 132 1100 5615	267 171 1000652 6950 6950
171 1346 1000772 5615 5615	132 107 171 1346 596 1007279 1000772 596 132 1100 5615 132 1100 5615	267 171 1000652 6950 6950
171 1346 1000772 5615 5615	132 107 171 1346 596 1007279 1000772 596 132 1100 5615 132 1100 5615	267 171 1000652 6950 6950
171 1346 1000772 5615 5615	132 107 171 1346 596 1007279 1000772 596 132 1100 5615 132 1100 5615	267 171 1000652 6950 6950
171 1346 1000772 5615 5615	132 107 171 1346 596 1007279 1000772 596 132 1100 5615 132 1100 5615	267 171 1000652 6950 6950
171 1346 1000772 5615 5615	132 107 171 1346 596 1007279 1000772 596 132 1100 5615 132 1100 5615	267 171 1000652 6950 6950
171 1346 1000772 5615 5615	132 107 171 1346 596 1007279 1000772 596 132 1100 5615 132 1100 5615	267 171 1000652 6950 6950
171 1346 1000772 5615 5615	132 107 171 1346 596 1007279 1000772 596 132 1100 5615 132 1100 5615	267 171 1000652 6950 6950
171 1346 1000772 5615 5615	132 107 171 1346 596 1007279 1000772 596 132 1100 5615 132 1100 5615	267 171 1000652 6950 6950
171 1346 1000772 5615 5615	132 107 171 1346 596 1007279 1000772 596 132 1100 5615 132 1100 5615	267 171 1000652 6950 6950
171 1346 1000772 5615 5615	132 107 171 1346 596 1007279 1000772 596 132 1100 5615 132 1100 5615	267 171 1000652 6950 6950
171 1346 1000772 5615 5615	132 107 171 1346 596 1007279 1000772 596 132 1100 5615 132 1100 5615	267 171 1000652 6950 6950
171 1346 1000772 5615 5615	132 107 171 1346 596 1007279 1000772 596 132 1100 5615 132 1100 5615	267 171 1000652 6950 6950
171 1346 1000772 5615 5615	132 107 171 1346 596 1007279 1000772 596 132 1100 5615 132 1100 5615	267 171 1000652 6950 6950
171 1346 1000772 5615 5615	132 107 171 1346 596 1007279 1000772 596 132 1100 5615 132 1100 5615	267 171 1000652 6950 6950
171 1346 1000772 5615 5615	132 107 171 1346 596 1007279 1000772 596 132 1100 5615 132 1100 5615	267 171 1000652 6950 6950
171 1346 1000772 5615 5615	132 107 171 1346 596 1007279 1000772 596 132 1100 5615 132 1100 5615	267 171 1000652 6950 6950
171 1346 1000772 5615 5615	132 107 171 1346 596 1007279 1000772 596 132 1100 5615 132 1100 5615	267 171 1000652 6950 6950
171 1346 1000772 5615 5615	132 107 171 1346 596 1007279 1000772 596 132 1100 5615 132 1100 5615	267 171 1000652 6950 6950
171 1346 1000772 5615 5615	132 107 171 1346 596 1007279 1000772 596 132 1100 5615 132 1100 5615	267 171 1000652 6950 6950
171 1346 1000772 5615 5615	132 107 171 1346 596 1007279 1000772 596 132 1100 5615 132 1100 5615	267 171 1000652 6950 6950
171 1346 1000772 5615 5615	132 107 171 1346 596 1007279 1000772 596 132 1100 5615 132 1100 5615	267 171 1000652 6950 6950
171 1346 1000772 5615 5615	132 107 171 1346 596 1007279 1000772 596 132 1100 5615 132 1100 5615	267 171 1000652 6950 6950
171 1346 1000772 5615 5615	132 107 171 1346 596 1007279 1000772 596 132 1100 5615 132 1100 5615	267 171 1000652 6950 6950
171 1346 1000772 5615 5615	132 107 171 1346 596 1007279 1000772 596 132 1100 5615 132 1100 5615	267 171 1000652 6950 6950
171 1346 1000772 5615 5615	132 107 171 1346 596 1007279 1000772 596 132 1100 5615 132 1100 5615	267 171 1000652 6950 6950
171 1346 1000772 5615 5615	132 107 171 1346 596 1007279 1000772 596 132 1100 5615 132 1100 5615	267 171 1000652 6950 6950
171 1346 1000772 5615 5615	132 107 171 1346 596 1007279 1000772 596 132 1100 5615 132 1100 5615	267 171 1000652 6950 6950
171 1346 1000772 5615 5615	132 107 171 1346 596 1007279 1000772 596 132 1100 5615 132 1100 5615	267 171 1000652 6950 6950
171 1346 1000772 5615 5615	132 107 171 1346 596 1007279 1000772 596 132 1100 5615 132 1100 5615	267 171 1000652 6950 6950
171 1346 1000772 5615 5615	132 107 171 1346 596 1007279 1000772 596 132 1100 5615 132 1100 5615	267 171 1000652 6950 6950
171 1346 1000772 5615 5615	132 107 171 1346 596 1007279 1000772 596 132 1100 5615 132 1100 5615	267 171 1000652 6950 6950
171 1346 1000772 5615 5615	132 107 171 1346 596 1007279 1000772 596 132 1100 5615 132 1100 5615	267 171 1000652 6950 6950
171 1346 1000772 5615 5615	132 107 171 1346 596 1007279 1000772 596 132 1100 5615 132 1100 5615	267 171 1000652 6950 6950
171 1346 1000772 5615 5615	132 107 171 1346 596 1007279 1000772 596 132 1100 5615 132 1100 5615	267 171 1000652 6950 6950
171 1346 1000772 5615 5615	132 107 171 1346 596 1007279 1000772 596 132 1100 5615 132 1100 5615	267 171 1000652 6950 6950
171 1346 1000772 5615 5615	132 107 171 1346 596 1007279 1000772 596 132 1100 5615 132 1100 5615	267 171 1000652 6950 6950
171 1346 1000772 5615 5615	132 107 171 1346 596 1007279 1000772 596 132 1100 5615 132 1100 5615	267 171 1000652 6950 6950
171 1346 1000772 5615 5615	132 107 171 1346 596 1007279 1000772 596 132 1100 5615 132 1100 5615	267 171 1000652 6950 6950
171 1346 1000772 5615 5615	132 107 171 1346 596 1007279 1000772 596 132 1100 5615 132 1100 5615	267 171 1000652 6950 6950
171 1346 1000772 5615 5615	132 107 171 1346 596 1007279 1000772 596 132 1100 5615 132 1100 5615	267 171 1000652 6950 6950
171 1346 1000772 5615 5615	132 107 171 1346 596 1007279 1000772 596 132 1100 5615 132 1100 5615	267 171 1000652 6950 6950
171 1346 1000772 5615 5615	132 107 171 1346 596 1007279 1000772 596 132 1100 5615 132 1100 5615	267 171 1000652 6950 6950
171 1346 1000772 5615 5615	132 107 171 1346 596 1007279 1000772 596 132 1100 5615 132 1100 5615	267 171 1000652 6950 6950
171 1346 1000772 5615 5615	132 107 171 1346 596 1007279 1000772 596 132 1100 5615 132 1100 5615	267 171 1000652 6950 6950
171 1346 1000772 5615 5615	132 107 171 1346 596 1007279 1000772 596 132 1100 5615 132 1100 5615	267 171 1000652 6950 6950
171 1346 1000772 5615 5615	132 107 171 1346 596 1007279 1000772 596 132 1100 5615 132 1100 5615	267 171 1000652 6950 6950
171 1346 1000772 5615 5615	132 107 171 1346 596 1007279 1000772 596 132 1100 5615 132 1100 5615	267 171 1000652 6950 6950
171 1346 1000772 5615 5615	132 107 171 1346 596 1007279 1000772 596 132 1100 5615 132 1100 5615	267 171 1000652 6950 6950
171 1346 1000772 5615 5615	132 107 171 1346 596 1007279 1000772 596 132 1100 5615 132 1100 5615	267 171 1000652 6950 6950
171 1346 1000772 5615 5615	132 107 171 1346 596 1007279 1000772 596 132 1100 5615 132 1100 5615	267 171 1000652 6950 6950
171 1346 1000772 5615 5615	132 107 171 1346 596 1007279 1000772 596 132 1100 5615 132 1100 5615	267 171 1000652 6950 6950
171 1346 1000772 5615 5615	132 107 171 1346 596 1007279 1000772 596 132 1100 5615 132 1100 5615	267 171 1000652 6950 6950
171 1346 1000772 5615 5615	132 107 171 1346 596 1007279 1000772 596 132 1100 5615 132 1100 5615	267 171 1000652 6950 6950
171 1346 1000772 5615 5615	132 107 171 1346 596 1007279 1000772 596 132 1100 5615 132 1100 5615	267 171 1000652 6950 6950
171 1346 1000772 5615 5615	132 107 171 1346 596 1007279 1000772 596 132 1100 5615 132 1100 5615	267 171 1000652 6950 6950
171 1346 1000772 5615 5615	132 107 171 1346 596 1007279 1000772 596 132 1100 5615 132 1100 5615	267 171 1000652 6950 6950
171 1346 1000772 5615 5615	132 107 171 1346 596 1007279 1000772 596 132 1100 5615 132 1100 5615	267 171 1000652 6950 6950
171 1346 1000772 5615 5615	132 107 171 1346 596 1007279 1000772 596 132 1100 5615 132 1100 5615	267 171 1000652 6950 6950
171 1346 1000772 5615 5615	132 107 171 1346 596 1007279 1000772 596 132 1100 5615 132 1100 5615	267 171 1000652 6950 6950
171 1346 1000772 5615 5615	132 107 171 1346 596 1007279 1000772 596 132 1100 5615 132 1100 5615	267 171 1000652 6950 6950
171 1346 1000772 5615 5615	132 107 171 1346 596 1007279 1000772 596 132 1100 5615 132 1100 5615	267 171 1000652 6950 6950
171 1346 1000772 5615 5615	132 107 171 1346 596 1007279 1000772 596 132 1100 5615 132 1100 5615	267 171 1000652 6950 6950
171 1346 1000772 5615 5615	132 107 171 1346 596 1007279 1000772 596 132 1100 5615 132 1100 5615	267 171 1000652 6950 6950
171 1346 1000772 5615 5615	132 107 171 1346 596 1007279 1000772 596 132 1100 5615 132 1100 5615	267 171 1000652 6950 6950
171 1346 1000772 5615 5615	132 107 171 1346 596 1007279 1000772 596 132 1100 5615 132 1100 5615	267 171 1000652 6950 6950
171 1346 1000772 5615 5615	132 107 171 1346 596 1007279 1000772 596 132 1100 5615 132 1100 5615	267 171 1000652 6950 6950
171 1346 1000772 5615 5615	132 107 171 1346 596 1007279 1000772 596 132 1100 5615 132 1100 5615	267 171 1000652 6950 6950
171 1346 1000772 5615 5615	132 107 171 1346 596 1007279 1000772 596 132 1100 5615 132 1100 5615	267 171 1000652 6950 6950
171 1346 1000772 5615 5615	132 107 171 1346 596 1007279 1000772 596 132 1100 5615 132 1100 5615	267 171 1000652 6950 6950
171 1346 1000772 5615 5615	132 107 171 1346 596 1007279 1000772 596 132 1100 5615 132 1100 5615	267 171 1000652 6950 6950
171 1346 1000772 5615 5615	132 107 171 1346 596 1007279 1000772 596 132 1100 5615 132 1100 5615	267 171 1000652 6950 6950
171 1346 1000772 5615 5615	132 107 171 1346 596 1007279 1000772 596 132 1100 5615 132 1100 5615	267 171 1000652 6950 6950
171 1346 1000772 5615 5615	132 107 171 1346 596 1007279 1000772 596 132 1100 5615 132 1100 5615	267 171 1000652 6950 6950
171 1346 1000772 5615 5615	132 107 171 1346 596 1007279 1000772 596 132 1100 5615 132 1100 5615	267 171 1000652 6950 6950
171 1346 1000772 5615 5615	132 107 171 1346 596 1007279 1000772 596 132 1100 5615 132 1100 5615	267 171 1000652 6950 6950
171 1346 1000772 5615 5615	132 107 171 1346 596 1007279 1000772 596 132 1100 5615 132 1100 5615	267 171 1000652 6950 6950
171 1346 1000772 5615 5615	132 107 171 1346 596 1007279 1000772 596 132 1100 5615 132 1100 5615	267 171 1000652 6950 6950
171 1346 1000772 5615 5615	132 107 171 1346 596 1007279 1000772 596 132 1100 5615 132 1100 5615	267 171 1000652 6950 6950
171 1346 1000772 5615 5615	132 107 171 1346 596 1007279 1000772 596 132 1100 5615 132 1100 5615	267 171 1000652 6950 6950
171 1346 1000772 5615 5615	132 107 171 1346 596 1007279 1000772 596 132 1100 5615 132 1100 5615	267 171 1000652 6950 6950
171 1346 1000772 5615 5615	132 107 171 1346 596 1007279 1000772 596 132 1100 5615 132 1100 5615	267 171 1000652 6950 6950
171 1346 1000772 5615 5615	132 107 171 1346 596 1007279 1000772 596 132 1100 5615 132 1100 5615	267 171 1000652 6950 6950
171 1346 1000772 5615 5615	132 107 171 1346 596 1007279 1000772 596 132 1100 5615 132 1100 5615	267 171 1000652 6950 6950
171 1346 1000772 5615 5615	132 107 171 1346 596 1007279 1000772 596 132 1100 5615 132 1100 5615	267 171 1000652 6950 6950
171 1346 1000772 5615 5615	132 107 171 1346 596 1007279 1000772 596 132 1100 5615 132 1100 5615	267 171 1000652 6950 6950
171 1346 1000772 5615 5615	132 107 171 1346 596 1007279 1000772 596 132 1100 5615 132 1100 5615	267 171 1000652 6950 6950
171 1346 1000772 5615 5615	132 107 171 1346 596 1007279 1000772 596 132 1100 5615 132 1100 5615	267 171 1000652 6950 6950
171 1346 1000772 5615 5615	132 107 171 1346 596 1007279 1000772 596 132 1100 5615 132 1100 5615	267 171 1000652 6950 6950
171 1346 1000772 5615 5615	132 107 171 1346 596 1007279 1000772 596 132 1100 5615 132 1100 5615	267 171 1000652 6950 6950
171 1346 1000772 5615 5615	132 107 171 1346 596 1007279 1000772 596 132 1100 5615 132 1100 5615	267 171 1000652 6950 6950
171 1346 1000772 5615 5615	132 107 171 1346 596 1007279 1000772 596 132 1100 5615 132 1100 5615	267 171 1000652 6950 6950
171 1346 1000772 5615 5615	132 107 171 1346 596 1007279 1000772 596 132 1100 5615 132 1100 5615	267 171 1000652 6950 6950
171 1346 1000772 5615 5615	132 107 171 1346 596 1007279 1000772 596 132 1100 5615 132 1100 5615	267 171 1000652 6950 6950
171 1346 1000772 5615 5615	132 107 171 1346 596 1007279 1000772 596 132 1100 5615 132 1100 5615	267 171 1000652 6950 6950
171 1346 1000772 5615 5615	132 107 171 1346 596 1007279 1000772 596 132 1100 5615 132 1100 5615	267 171 1000652 6950 6950
171 1346 1000772 5615 5615	132 107 171 1346 596 1007279 1000772 596 132 1100 5615 132 1100 5615	267 171 1000652 6950 6950
171 1346 1000772 5615 5615	132 107 171 1346 596 1007279 1000772 596 132 1100 5615 132 1100 5615	267 171 1000652 6950 6950
171 1346 1000772 5615 5615	132 107 171 1346 596 1007279 1000772 596 132 1100 5615 132 1100 5615	267 171 1000652 6950 6950
171 1346 1000772 5615 5615	132 107 171 1346 596 1007279 1000772 596 132 1100 5615 132 1100 5615	267 171 1000652 6950 6950
171 1346 1000772 5615 5615	132 107 171 1346 596 1007279 1000772 596 132 1100 5615 132 1100 5615	267 171 1000652 6950 6950
171 1346 1000772 5615 5615	132 107 171 1346 596 1007279 1000772 596 132 1100 5615 132 1100 5615	267 171 1000652 6950 6950
171 1346 1000772 5615 5615	132 107 171 1346 596 1007279 1000772 596 132 1100 5615 132 1100 5615	267 171 1000652 6950 6950
171 1346 1000772 5615 5615	132 107 171 1346 596 1007279 1000772 596 132 1100 5615 132 1100 5615	267 171 1000652 6950 6950
171 1346 1000772 5615 5615	132 107 171 1346 596 1007279 1000772 596 132 1100 5615 132 1100 5615	267 171 1000652 6950 6950
171 1346 1000772 5615 5615	132 107 171 1346 596 1007279 1000772 596 132 1100 5615 132 1100 5615	267 171 1000652 6950 6950
171 1346 1000772 5615 5615	132 107 171 1346 596 1007279 1000772 596 132 1100 5615 132 1100 5615	267 171 1000652 6950 6950
171 1346 1000772 5615 5615	132 107 171 1346 596 1007279 1000772 596 132 1100 5615 132 1100 5615	267 171 1000652 6950 6950
171 1346 1000772 5615 5615	132 107 171 1346 596 1007279 1000772 596 132 1100 5615 132 1100 5615	267 171 1000652 6950 6950
171 1346 1000772 5615 5615	132 107 171 1346 596 1007279 1000772 596 132 1100 5615 132 1100 5615	267 171 1000652 6950 6950
171 1346 1000772 5615 5615	132 107 171 1346 596 1007279 1000772 596 132 1100 5615 132 1100 5615	267 171 1000652 6950 6950
171 1346 1000772 5615 5615	132 107 171 1346 596 1007279 1000772 596 132 1100 5615 132 1100 5615	267 171 1000652 6950 6950
171 1346 1000772 5615 5615	132 107 171 1346 596 1007279 1000772 596 132 1100 5615 132 1100 5615	267 171 1000652 6950 6950
171 1346 1000772 5615 5615	132 107 171 1346 596 1007279 1000772 596 132 1100 5615 132 1100 5615	267 171 1000652 6950 6950
171 1346 1000772 5615 5615	132 107 171 1346 596 1007279 1000772 596 132 1100 5615 132 1100 5615	267 171 1000652 6950 6950
171 1346 1000772 5615 5615	132 107 171 1346 596 1007279 1000772 596 132 1100 5615 132 1100 5615	267 171 1000652 6950 6950
171 1346 1000772 5615 5615	132 107 171 1346 596 1007279 1000772 596 132 1100 5615 132 1100 5615	267 171 1000652 6950 6950
171 1346 1000772 5615 5615	132 107 171 1346 596 1007279 1000772 596 132 1100 5615 132 1100 5615	267 171 1000652 6950 6950
171 1346 1000772 5615 5615	132 107 171 1346 596 1007279 1000772 596 132 1100 5615 132 1100 5615	267 171 1000652 6950 6950
171 1346 1000772 5615 5615	132 107 171 1346 596 1007279 1000772 596 132 1100 5615 132 1100 5615	267 171 1000652 6950 6950
171 1346 1000772 5615 5615	132 107 171 1346 596 1007279 1000772 596 132 1100 5615 132 1100 5615	267 171 1000652 6950 6950
171 1346 1000772 5615 5615	132 107 171 1346 596 1007279 1000772 596 132 1100 5615 132 1100 5615	267 171 1000652 6950 6950
171 1346 1000772 5615 5615	132 107 171 1346 596 1007279 1000772 596 132 1100 5615 132 1100 5615	267 171 1000652 6950 6950
171 1346 1000772 5615 5615	132 107 171 1346 596 1007279 1000772 596 132 1100 5615 132 1100 5615	267 171 1000652 6950 6950
171 1346 1000772 5615 5615	132 107 171 1346 596 1007279 1000772 596 132 1100 5615 132 1100 5615	267 171 1000652 6950 6950
171 1346 1000772 5615 5615	132 107 171 1346 596 1007279 1000772 596 132 1100 5615 132 1100 5615	267 171 1000652 6950 6950
171 1346 1000772 5615 5615	132 107 171 1346 596 1007279 1000772 596 132 1100 5615 132 1100 5615	267 171 1000652 6950 6950
171 1346 1000772 5615 5615	132 107 171 1346 596 1007279 1000772 596 132 1100 5615 132 1100 5615	267 171 1000652 6950 6950
171 1346 1000772 5615 5615	132 107 171 1346 596 1007279 1000772 596 132 1100 5615 132 1100 5615	267 171 1000652 6950 6950
171 1346 1000772 5615 5615	132 107 171 1346 596 1007279 1000772 596 132 1100 5615 132 1100 5615	267 171 1000652 6950 6950
171 1346 1000772 5615 5615	132 107 171 1346 596 1007279 1000772 596 132 1100 5615 132 1100 5615	267 171 1000652 6950 6950
171 1346 1000772 5615 5615	132 107 171 1346 596 1007279 1000772 596 132 1100 5615 132 1100 5615	267 171 1000652 6950 6950
171 1346 1000772 5615 5615	132 107 171 1346 596 1007279 1000772 596 132 1100 5615 132 1100 5615	267 171 1000652 6950 6950
171 1346 1000772 5615 5615	132 107 171 1346 596 1007279 1000772 596 132 1100 5615 132 1100 5615	267 171 1000652 6950 6950
171 1346 1000772 5615 5615	132 107 171 1346 596 1007279 1000772 596 132 1100 5615 132 1100 5615	267 171 1000652 6950 6950
171 1346 1000772 5615 5615	132 107 171 1346 596 1007279 1000772 596 132 1100 5615 132 1100 5615	267 171 1000652 6950 6950
171 1346 1000772 5615 5615	132 107 171 1346 596 1007279 1000772 596 132 1100 5615 132 1100 5615	267 171 1000652 6950 6950
171 1346 1000772 5615 5615	132 107 171 1346 596 1007279 1000772 596 132 1100 5615 132 1100 5615	267 171 1000652 6950 6950
171 1346 1000772 5615 5615	132 107 171 1346 596 1007279 1000772 596 132 1100 5615 132 1100 5615	267 171 1000652 6950 6950
171 1346 1000772 5615 5615	132 107 171 1346 596 1007279 1000772 596 132 1100 5615 132 1100 5615	267 171 1000652 6950 6950
171 1346 1000772 5615 5615	132 107 171 1346 596 1007279 1000772 596 132 1100 5615 132 1100 5615	267 171 1000652 6950 6950
171 1346 1000772 5615 5615	132 107 171 1346 596 1007279 1000772 596 132 1100 5615 132 1100 5615	267 171 1000652 6950 6950
171 1346 1000772 5615 5615	132 107 171 1346 596 1007279 1000772 596 132 1100 5615 132 1100 5615	267 171 1000652 6950 6950
171 1346 1000772 5615 5615	132 107 171 1346 596 1007279 1000772 596 132 1100 5615 132 1100 5615	267 171 1000652 6950 6950
171 1346 1000772 5615 5615	132 107 171 1346 596 1007279 1000772 596 132 1100 5615 132 1100 5615	267 171 1000652 6950 6950
171 1346 1000772 5615 5615	132 107 171 1346 596 1007279 1000772 596 132 1100 5615 132 1100 5615	267 171 1000652 6950 6950
171 1346 1000772 5615 5615	132 107 171 1346 596 1007279 1000772 596 132 1100 5615 132 1100 5615	267 171 1000652 6950 6950
171 1346 1000772 5615 5615	132 107 171 1346 596 1007279 1000772 596 132 1100 5615 132 1100 5615	267 171 1000652 6950 6950
171 1346 1000772 5615 5615	132 107 171 1346 596 1007279 1000772 596 132 1100 5615 132 1100 5615	267 171 1000652 6950 6950
171 1346 1000772 5615 5615	132 107 171 1346 596 1007279 1000772 596 132 1100 5615 132 1100 5615	267 171 1000652 6950 6950
171 1346 1000772 5615 5615	132 107 171 1346 596 1007279 1000772 596 132 1100 5615 132 1100 5615	267 171 1000652 6950 6950
171 1346 1000772 5615 5615	132 107 171 1346 596 1007279 1000772 596 132 1100 5615 132 1100 5615	267 171 1000652 6950 6950
171 1346 1000772 5615 5615	132 107 171 1346 596 1007279 1000772 596 132 1100 5615 132 1100 5615	267 171 1000652 6950 6950
171 1346 1000772 5615 5615	132 107 171 1346 596 1007279 1000772 596 132 1100 5615 132 1100 5615	267 171 1000652 6950 6950
171 1346 1000772 5615 5615	132 107 171 1346 596 1007279 1000772 596 132 1100 5615 132 1100 5615	267 171 1000652 6950 6950
171 1346 1000772 5615 5615	132 107 171 1346 596 1007279 1000772 596 132 1100 5615 132 1100 5615	267 171 1000652 6950 6950
171 1346 1000772 5615 5615	132 107 171 1346 596 1007279 1000772 596 132 1100 5615 132 1100 5615	267 171 1000652 6950 6950
171 1346 1000772 5615 5615	132 107 171 1346 596 1007279 1000772 596 132 1100 5615 132 1100 5615	267 171 1000652 6950 6950
171 1346 1000772 5615 5615	132 107 171 1346 596 1007279 1000772 596 132 1100 5615 132 1100 5615	267 171 1000652 6950 6950
171 1346 1000772 5615 5615	132 107 171 1346 596 1007279 1000772 596 132 1100 5615 132 1100 5615	267 171 1000652 6950 6950
171 1346 1000772 5615 5615	132 107 171 1346 596 1007279 1000772 596 132 1100 5615 132 1100 5615	267 171 1000652 6950 6950
171 1346 1000772 5615 5615	132 107 171 1346 596 1007279 1000772 596 132 1100 5615 132 1100 5615	267 171 1000652 6950 6950
171 1346 1000772 5615 5615	132 107 171 1346 596 1007279 1000772 596 132 1100 5615 132 1100 5615	267 171 1000652 6950 6950
171 1346 1000772 5615 5615	132 107 171 1346 596 1007279 1000772 596 132 1100 5615 132 1100 5615	267 171 1000652 6950 6950
171 1346 1000772 5615 5615	132 107 171 1346 596 1007279 1000772 596 132 1100 5615 132 1100 5615	267 171 1000652 6950 6950
171 1346 1000772 5615 5615	132 107 171 1346 596 1007279 1000772 596 132 1100 5615 132 1100 5615	267 171 1000652 6950 6950
171 1346 1000772 5615 5615	132 107 171 1346 596 1007279 1000772 596 132 1100 5615 132 1100 5615	267 171 1000652 6950 6950
171 1346 1000772 5615 5615	132 107 171 1346 596 1007279 1000772 596 132 1100 5615 132 1100 5615	267 171 1000652 6950 6950
171 1346 1000772 5615 5615	132 107 171 1346 596 1007279 1000772 596 132 1100 5615 132 1100 5615	267 171 1000652 6950 6950
171 1346 1000772 5615 5615	132 107 171 1346 596 1007279 1000772 596 132 1100 5615 132 1100 5615	267 171 1000652 6950 6950
171 1346 1000772 5615 5615	132 107 171 1346 596 1007279 1000772 596 132 1100 5615 132 1100 5615	267 171 1000652 6950 6950
171 1346 1000772 5615 5615	132 107 171 1346 596 1007279 1000772 596 132 1100 5615 132 1100 5615	267 171 1000652 6950 6950
171 1346 1000772 5615 5615	132 107 171 1346 596 1007279 1000772 596 132 1100 5615 132 1100 5615	267 171 1000652 6950 6950
171 1346 1000772 5615 5615	132 107 171 1346 596 1007279 1000772 596 132 1100 5615 132 1100 5615	267 171 1000652 6950 6950
171 1346 1000772 5615 5615	132 107 171 1346 596 1007279 1000772 596 132 1100 5615 132 1100 5615	267 171 1000652 6950 6950
171 1346 1000772 5615 5615	132 107 171 1346 596 1007279 1000772 596 132 1100 5615 132 1100 5615	267 171 1000652 6950 6950
171 1346 1000772 5615 5615	132 107 171 1346 596 1007279 1000772 596 132 1100 5615 132 1100 5615	267 171 1000652 6950 6950
171 1346 1000772 5615 5615	132 107 171 1346 596 1007279 1000772 596 132 1100 5615 132 1100 5615	267 171 1000652 6950 6950
171 1346 1000772 5615 5615	132 107 171 1346 596 1007279 1000772 596 132 1100 5615 132 1100 5615	267 171 1000652 6950 6950
171 1346 1000772 5615 5615	132 107 171 1346 596 1007279 1000772 596 132 1100 5615 132 1100 5615	267 171 1000652 6950 6950
171 1346 1000772 5615 5615	132 107 171 1346 596 1007279 1000772 596 132 1100 5615 132 1100 5615	267 171 1000652 6950 6950
171 1346 1000772 5615 5615	132 107 171 1346 596 1007279 1000772 596 132 1100 5615 132 1100 5615	267 171 1000652 6950 6950
171 1346 1000772 5615 5615	132 107 171 1346 596 1007279 1000772 596 132 1100 5615 132 1100 5615	267 171 1000652 6950 6950
171 1346 1000772 5615 5615	132 107 171 1346 596 1007279 1000772 596 132 1100 5615 132 1100 5615	267 171 1000652 6950 6950
171 1346 1000772 5615 5615	132 107 171 1346 596 1007279 1000772 596 132 1100 5615 132 1100 5615	267 171 1000652 6950 6950
171 1346 1000772 5615 5615	132 107 171 1346 596 1007279 1000772 596 132 1100 5615 132 1100 5615	267 171 1000652 6950 6950
171 1346 1000772 5615 5615	132 107 171 1346 596 1007279 1000772 596 132 1100 5615 132 1100 5615	267 171 1000652 6950 6950
171 1346 1000772 5615 5615	132 107 171 1346 596 1007279 1000772 596 132 1100 5615 132 1100 5615	267 171 1000652 6950 6950
171 1346 1000772 5615 5615	132 107 171 1346 596 1007279 1000772 596 132 1100 5615 132 1100 5615	267 171 1000652 6950 6950
171 1346 1000772 5615 5615	132 107 171 1346 596 1007279 1000772 596 132 1100 5615 132 1100 5615	267 171 1000652 6950 6950
171 1346 1000772 5615 5615	132 107 171 1346 596 1007279 1000772 596 132 1100 5615 132 1100 5615	267 171 1000652 6950 6950
171 1346 1000772 5615 5615	132 107 171 1346 596 1007279 1000772 596 132 1100 5615 132 1100 5615	267 171 1000652 6950 6950
171 1346 1000772 5615 5615	132 107 171 1346 596 1007279 1000772 596 132 1100 5615 132 1100 5615	267 171 1000652 6950 6950
171 1346 1000772 5615 5615	132 107 171 1346 596 1007279 1000772 596 132 1100 5615 132 1100 5615	267 171 1000652 6950 6950
171 1346 1000772 5615 5615	132 107 171 1346 596 1007279 1000772 596 132 1100 5615 132 1100 5615	267 171 1000652 6950 6950
171 1346 1000772 5615 5615	132 107 171 1346 596 1007279 1000772 596 132 1100 5615 132 1100 5615	267 171 1000652 6950 6950
171 1346 1000772 5615 5615	132 107 171 1346 596 1007279 1000772 596 132 1100 5615 132 1100 5615	267 171 1000652 6950 6950
171 1346 1000772 5615 5615	132 107 171 1346 596 1007279 1000772 596 132 1100 5615 132 1100 5615	267 171 1000652 6950 6950
171 1346 1000772 5615 5615	132 107 171 1346 596 1007279 1000772 596 132 1100 5615 132 1100 5615	267 171 1000652 6950 6950
171 1346 1000772 5615 5615	132 107 171 1346 596 1007279 1000772 596 132 1100 5615 132 1100 5615	267 171 1000652 6950 6950
171 1346 1000772 5615 5615	132 107 171 1346 596 1007279 1000772 596 132 1100 5615 132 1100 5615	267 171 1000652 6950 6950
171 1346 1000772 5615 5615	132 107 171 1346 596 1007279 1000772 596 132 1100 5615 132 1100 5615	267 171 1000652 6950 6950
171 1346 1000772 5615 5615	132 107 171 1346 596 1007279 1000772 596 132 1100 5615 132 1100 5615	267 171 1000652 6950 6950
171 1346 1000772 5615 5615	132 107 171 1346 596 1007279 1000772 596 132 1100 5615 132 1100 5615	267 171 1000652 6950 6950
171 1346 1000772 5615 5615	132 107 171 1346 596 1007279 1000772 596 132 1100 5615 132 1100 5615	267 171 1000652 6950 6950
171 1346 1000772 5615 5615	132 107 171 1346 596 1007279 1000772 596 132 1100 5615 132 1100 5615	267 171 1000652 6950 6950
171 1346 1000772 5615 5615	132 107 171 1346 596 1007279 1000772 596 132 1100 5615 132 1100 5615	267 171 1000652 6950 6950
171 1346 1000772 5615 5615	132 107 171 1346 596 1007279 1000772 596 132 1100 5615 132 1100 5615	267 171 1000652 6950 6950
171 1346 1000772 5615 5615	132 107 171 1346 596 1007279 1000772 596 132 1100 5615 132 1100 5615	267 171 1000652 6950 6950
171 1346 1000772 5615 5615	132 107 171 1346 596 1007279 1000772 596 132 1100 5615 132 1100 5615	267 171 1000652 6950 6950
171 1346 1000772 5615 5615	132 107 171 1346 596 1007279 1000772 596 132 1100 5615 132 1100 5615	267 171 1000652 6950 6950
171 1346 1000772 5615 5615	132 107 171 1346 596 1007279 1000772 596 132 1100 5615 132 1100 5615	267 171 1000652 6950 6950
171 1346 1000772 5615 5615	132 107 171 1346 596 1007279 1000772 596 132 1100 5615 132 1100 5615	267 171 1000652 6950 6950
171 1346 1000772 5615 5615	132 107 171 1346 596 1007279 1000772 596 132 1100 5615 132 1100 5615	267 171 1000652 6950 6950
171 1346 1000772 5615 5615	132 107 171 1346 596 1007279 1000772 596 132 1100 5615 132 1100 5615	267 171 1000652 6950 6950
171 1346 1000772 5615 5615	132 107 171 1346 596 1007279 1000772 596 132 1100 5615 132 1100 5615	267 171 1000652 6950 6950
171 1346 1000772 5615 5615	132 107 171 1346 596 1007279 1000772 596 132 1100 5615 132 1100 5615	267 171 1000652 6950 6950
171 1346 1000772 5615 5615	132 107 171 1346 596 1007279 1000772 596 132 1100 5615 132 1100 5615	267 171 1000652 6950 6950
171 1346 1000772 5615 5615	132 107 171 1346 596 1007279 1000772 596 132 1100 5615 132 1100 5615	267 171 1000652 6950 6950
171 1346 1000772 5615 5615	132 107 171 1346 596 1007279 1000772 596 132 1100 5615 132 1100 5615	267 171 1000652 6950 6950
171 1346 1000772 5615 5615	132 107 171 1346 596 1007279 1000772 596 132 1100 5615 132 1100 5615	267 171 1000652 6950 6950
171 1346 1000772 5615 5615	132 107 171 1346 596 1007279 1000772 596 132 1100 5615 132 1100 5615	267 171 1000652 6950 6950
171 1346 1000772 5615 5615	132 107 171 1346 596 1007279 1000772 596 132 1100 5615 132 1100 5615	267 171 1000652 6950 6950
171 1346 1000772 5615 5615	132 107 171 1346 596 1007279 1000772 596 132 1100 5615 132 1100 5615	267 171 1000652 6950 6950
171 1346 1000772 5615 5615	132 107 171 1346 596 1007279 1000772 596 132 1100 5615 132 1100 5615	267 171 1000652 6950 6950
171 1346 1000772 5615 5615	132 107 171 1346 596 1007279 1000772 596 132 1100 5615 132 1100 5615	267 171 1000652 6950 6950
171 1346 1000772 5615 5615	132 107 171 1346 596 1007279 1000772 596 132 1100 5615 132 1100 5615	267 171 1000652 6950 6950
171 1346 1000772 5615 5615	132 107 171 1346 596 1007279 1000772 596 132 1100 5615 132 1100 5615	267 171 1000652 6950 6950
171 1346 1000772 5615 5615	132 107 171 1346 596 1007279 1000772 596 132 1100 5615 132 1100 5615	267 171 1000652 6950 6950
171 1346 1000772 5615 5615	132 107 171 1346 596 1007279 1000772 596 132 1100 5615 132 1100 5615	267 171 1000652 6950 6950
171 1346 1000772 5615 5615	132 107 171 1346 596 1007279 1000772 596 132 1100 5615 132 1100 5615	267 171 1000652 6950 6950
171 1346 1000772 5615 5615	132 107 171 1346 596 1007279 1000772 596 132 1100 5615 132 1100 5615	267 171 1000652 6950 6950
171 1346 1000772 5615 5615	132 107 171 1346 596 1007279 1000772 596 132 1100 5615 132 1100 5615	267 171 1000652 6950 6950
171 1346 1000772 5615 5615	132 107 171 1346 596 1007279 1000772 596 132 1100 5615 132 1100 5615	267 171 1000652 6950 6950
171 1346 1000772 5615 5615	132 107 171 1346 596 1007279 1000772 596 132 1100 5615 132 1100 5615	267 171 1000652 6950 6950
171 1346 1000772 5615 5615	132 107 171 1346 596 1007279 1000772 596 132 1100 5615 132 1100 5615	267 171 1000652 6950 6950
171 1346 1000772 5615 5615	132 107 171 1346 596 1007279 1000772 596 132 1100 5615 132 1100 5615	267 171 1000652 6950 6950
171 1346 1000772 5615 5615	132 107 171 1346 596 1007279 1000772 596 132 1100 5615 132 1100 5615	267 171 1000652 6950 6950
171 1346 1000772 5615 5615	132 107 171 1346 596 1007279 1000772 596 132 1100 5615 132 1100 5615	267 171 1000652 6950 6950
171 1346 1000772 5615 5615	132 107 171 1346 596 1007279 1000772 596 132 1100 5615 132 1100 5615	267 171 1000652 6950 6950
171 1346 1000772 5615 5615	132 107 171 1346 596 1007279 1000772 596 132 1100 5615 132 1100 5615	267 171 1000652 6950 6950
171 1346 1000772 5615 5615	132 107 171 1346 596 1007279 1000772 596 132 1100 5615 132 1100 5615	267 171 1000652 6950 6950
171 1346 1000772 5615 5615	132 107 171 1346 596 1007279 1000772 596 132 1100 5615 132 1100 5615	267 171 1000652 6950 6950
171 1346 1000772 5615 5615	132 107 171 1346 596 1007279 1000772 596 132 1100 5615 132 1100 5615	267 171 1000652 6950 6950
171 1346 1000772 5615 5615	132 107 171 1346 596 1007279 1000772 596 132 1100 5615 132 1100 5615	267 171 1000652 6950 6950
171 1346 1000772 5615 5615	132 107 171 1346 596 1007279 1000772 596 132 1100 5615 132 1100 5615	267 171 1000652 6950 6950
171 1346 1000772 5615 5615	132 107 171 1346 596 1007279 1000772 596 132 1100 5615 132 1100 5615	267 171 1000652 6950 6950
171 1346 1000772 5615 5615	132 107 171 1346 596 1007279 1000772 596 132 1100 5615 132 1100 5615	267 171 1000652 6950 6950
171 1346 1000772 5615 5615	132 107 171 1346 596 1007279 1000772 596 132 1100 5615 132 1100 5615	267 171 1000652 6950 6950
171 1346 1000772 5615 5615	132 107 171 1346 596 1007279 1000772 596 132 1100 5615 132 1100 5615	267 171 1000652 6950 6950
171 1346 1000772 5615 5615	132 107 171 1346 596 1007279 1000772 596 132 1100 5615 132 1100 5615	267 171 1000652 6950 6950
171 1346 1000772 5615 5615	132 107 171 1346 596 1007279 1000772 596 132 1100 5615 132 1100 5615	267 171 1000652 6950 6950
171 1346 1000772 5615 5615	132 107 171 1346 596 1007279 1000772 596 132 1100 5615 132 1100 5615	267 171 1000652 6950 6950
171 1346 1000772 5615 5615	132 107 171 1346 596 1007279 1000772 596 132 1100 5615 132 1100 5615	267 171 1000652 6950 6950
171 1346 1000772 5615 5615	132 107 171 1346 596 1007279 1000772 596 132 1100 5615 132 1100 5615	267 171 1000652 6950 6950
171 1346 1000772 5615 5615	132 107 171 1346 596 1007279 1000772 596 132 1100 5615 132 1100 5615	267 171 1000652 6950 6950
171 1346 1000772 5615 5615	132 107 171 1346 596 1007279 1000772 596 132 1100 5615 132 1100 5615	267 171 1000652 6950 6950
171 1346 1000772 5615 5615	132 107 171 1346 596 1007279 1000772 596 132 1100 5615 132 1100 5615	267 171 1000652 6950 6950
171 1346 1000772 5615 5615	132 107 171 1346 596 1007279 1000772 596 132 1100 5615 132 1100 5615	267 171 1000652 6950 6950
171 1346 1000772 5615 5615	132 107 171 1346 596 1007279 1000772 596 132 1100 5615 132 1100 5615	267 171 1000652 6950 6950
171 1346 1000772 5615 5615	132 107 171 1346 596 1007279 1000772 596 132 1100 5615 132 1100 5615	267 171 1000652 6950 6950
171 1346 1000772 5615 5615	132 107 171 1346 596 1007279 1000772 596 132 1100 5615 132 1100 5615	267 171 1000652 6950 6950
171 1346 1000772 5615 5615	132 107 171 1346 596 1007279 1000772 596 132 1100 5615 132 1100 5615	267 171 1000652 6950 6950
171 1346 1000772 5615 5615	132 107 171 1346 596 1007279 1000772 596 132 1100 5615 132 1100 5615	267 171 1000652 6950 6950
171 1346 1000772 5615 5615	132 107 171 1346 596 1007279 1000772 596 132 1100 5615 132 1100 5615	267 171 1000652 6950 6950
171 1346 1000772 5615 5615	132 107 171 1346 596 1007279 1000772 596 132 1100 5615 132 1100 5615	267 171 1000652 6950 6950
171 1346 1000772 5615 5615	132 107 171 1346 596 1007279 1000772 596 132 1100 5615 132 1100 5615	267 171 1000652 6950 6950
171 1346 1000772 5615 5615	132 107 171 1346 596 1007279 1000772 596 132 1100 5615 132 1100 5615	267 171 1000652 6950 6950
171 1346 1000772 5615 5615	132 107 171 1346 596 1007279 1000772 596 132 1100 5615 132 1100 5615	267 171 1000652 6950 6950
171 1346 1000772 5615 5615	132 107 171 1346 596 1007279 1000772 596 132 1100 5615 132 1100 5615	267 171 1000652 6950 6950
171 1346 1000772 5615 5615	132 107 171 1346 596 1007279 1000772 596 132 1100 5615 132 1100 5615	267 171 1000652 6950 6950
171 1346 1000772 5615 5615	132 107 171 1346 596 1007279 1000772 596 132 1100 5615 132 1100 5615	267 171 1000652 6950 6950
